{
  "combined_average_precision": 0.22390183375245393,
  "combined_score": 0.6790664026682304,
  "risk_death_mean_average_precision": 0.3053620246966082,
  "risk_death_mean_cindex": 0.5365920411626253,
  "risk_death_mean_roc_auc": 0.7850104335729191,
  "risk_hepatic_event_mean_average_precision": 0.1424416428082996,
  "risk_hepatic_event_mean_cindex": 0.7401268433134898,
  "risk_hepatic_event_mean_roc_auc": 0.8077873046116932
}