{
  "baseline_combined_score": 0.7963988690923062,
  "combined_average_precision": 0.25995238137148424,
  "combined_improvement": 0.014545375269891525,
  "combined_score": 0.8109442443621977,
  "risk_death_mean_average_precision": 0.3302907992872635,
  "risk_death_mean_roc_auc": 0.7871261303037328,
  "risk_hepatic_event_mean_average_precision": 0.18961396345570503,
  "risk_hepatic_event_mean_roc_auc": 0.8347623584206626
}